{
    "data": {
      "adTrafficFilesMany": [
        {
          "batchid": "1685346666.442913",
          "areaname": "Russian-Orthodox-Church",
          "filename": "C:/Project/TrafficAPI/public/trafficData/Russian-Orthodox-Church-2023-05-29 1106-AM.json",
          "updatedAt": "2023-05-29T07:51:06.579Z",
          "createdAt": "2023-05-29T07:51:06.579Z"
        },
        {
          "batchid": "1685346068.209757",
          "areaname": "Russian-Orthodox-Church",
          "filename": "C:/Project/TrafficAPI/public/trafficData/Russian-Orthodox-Church-2023-05-29 1108-AM.json",
          "updatedAt": "2023-05-29T07:41:08.343Z",
          "createdAt": "2023-05-29T07:41:08.343Z"
        },
        {
          "batchid": "1685345458.98173",
          "areaname": "Russian-Orthodox-Church",
          "filename": "C:/Project/TrafficAPI/public/trafficData/Russian-Orthodox-Church-2023-05-29 1158-AM.json",
          "updatedAt": "2023-05-29T07:30:59.133Z",
          "createdAt": "2023-05-29T07:30:59.132Z"
        },
        {
          "batchid": "1685344866.665194",
          "areaname": "Russian-Orthodox-Church",
          "filename": "C:/Project/TrafficAPI/public/trafficData/Russian-Orthodox-Church-2023-05-29 1106-AM.json",
          "updatedAt": "2023-05-29T07:21:06.875Z",
          "createdAt": "2023-05-29T07:21:06.875Z"
        },
        {
          "batchid": "1685344263.251997",
          "areaname": "Russian-Orthodox-Church",
          "filename": "C:/Project/TrafficAPI/public/trafficData/Russian-Orthodox-Church-2023-05-29 1103-AM.json",
          "updatedAt": "2023-05-29T07:11:03.448Z",
          "createdAt": "2023-05-29T07:11:03.448Z"
        },
        {
          "batchid": "1685343667.545299",
          "areaname": "Russian-Orthodox-Church",
          "filename": "C:/Project/TrafficAPI/public/trafficData/Russian-Orthodox-Church-2023-05-29 1107-AM.json",
          "updatedAt": "2023-05-29T07:01:07.751Z",
          "createdAt": "2023-05-29T07:01:07.751Z"
        },
        {
          "batchid": "1685343067.685289",
          "areaname": "Russian-Orthodox-Church",
          "filename": "C:/Project/TrafficAPI/public/trafficData/Russian-Orthodox-Church-2023-05-29 1007-AM.json",
          "updatedAt": "2023-05-29T06:51:07.981Z",
          "createdAt": "2023-05-29T06:51:07.980Z"
        },
        {
          "batchid": "1685342465.970976",
          "areaname": "Russian-Orthodox-Church",
          "filename": "C:/Project/TrafficAPI/public/trafficData/Russian-Orthodox-Church-2023-05-29 1005-AM.json",
          "updatedAt": "2023-05-29T06:41:06.183Z",
          "createdAt": "2023-05-29T06:41:06.182Z"
        },
        {
          "batchid": "1685341864.221204",
          "areaname": "Russian-Orthodox-Church",
          "filename": "C:/Project/TrafficAPI/public/trafficData/Russian-Orthodox-Church-2023-05-29 1004-AM.json",
          "updatedAt": "2023-05-29T06:31:04.453Z",
          "createdAt": "2023-05-29T06:31:04.452Z"
        },
        {
          "batchid": "1685341269.285804",
          "areaname": "Russian-Orthodox-Church",
          "filename": "C:/Project/TrafficAPI/public/trafficData/Russian-Orthodox-Church-2023-05-29 1009-AM.json",
          "updatedAt": "2023-05-29T06:21:09.533Z",
          "createdAt": "2023-05-29T06:21:09.533Z"
        },
        {
          "batchid": "1685340666.900561",
          "areaname": "Russian-Orthodox-Church",
          "filename": "C:/Project/TrafficAPI/public/trafficData/Russian-Orthodox-Church-2023-05-29 1006-AM.json",
          "updatedAt": "2023-05-29T06:11:07.146Z",
          "createdAt": "2023-05-29T06:11:07.145Z"
        },
        {
          "batchid": "1685340244.638935",
          "areaname": "Russian-Orthodox-Church",
          "filename": "C:/Project/TrafficAPI/public/trafficData/Russian-Orthodox-Church-2023-05-29 1004-AM.json",
          "updatedAt": "2023-05-29T06:04:04.869Z",
          "createdAt": "2023-05-29T06:04:04.868Z"
        },
        {
          "batchid": "1685340155.546462",
          "areaname": "Abu-dhabi",
          "filename": "C:/Project/TrafficAPI/public/trafficData/Abu-dhabi-2023-05-29 1035-AM.json",
          "updatedAt": "2023-05-29T06:02:36.926Z",
          "createdAt": "2023-05-29T06:02:36.926Z"
        },
        {
          "batchid": "1685161148.952254",
          "areaname": "Al Ain",
          "filename": "C:/Project/TrafficAPI/public/trafficData/AlAin-2023-05-27 0808-AM.json",
          "updatedAt": "2023-05-27T04:19:09.070Z",
          "createdAt": "2023-05-27T04:19:09.070Z"
        },
        {
          "batchid": "1685160960.779845",
          "areaname": "Abu-dhabi",
          "filename": "C:/Project/TrafficAPI/public/trafficData/Abu-dhabi-2023-05-27 0800-AM.json",
          "updatedAt": "2023-05-27T04:16:02.353Z",
          "createdAt": "2023-05-27T04:16:02.352Z"
        },
        {
          "batchid": "1685158323.851766",
          "areaname": "Al Ain",
          "filename": "C:/Project/TrafficAPI/public/trafficData/AlAin-2023-05-27 0703-AM.json",
          "updatedAt": "2023-05-27T03:32:03.944Z",
          "createdAt": "2023-05-27T03:32:03.944Z"
        },
        {
          "batchid": "1685114012.777474",
          "areaname": "Abu-dhabi",
          "filename": "C:/Project/TrafficAPI/public/trafficData/Abu-dhabi-2023-05-26 0732-PM.json",
          "updatedAt": "2023-05-26T15:13:35.202Z",
          "createdAt": "2023-05-26T15:13:35.202Z"
        },
        {
          "batchid": "1685112522.070297",
          "areaname": "Al Ain",
          "filename": "C:/Project/TrafficAPI/public/trafficData/AlAin-2023-05-26 0642-PM.json",
          "updatedAt": "2023-05-26T14:48:42.254Z",
          "createdAt": "2023-05-26T14:48:42.253Z"
        },
        {
          "batchid": "1685112375.871385",
          "areaname": "Abu-dhabi",
          "filename": "C:/Project/TrafficAPI/public/trafficData/Abu-dhabi-2023-05-26 0615-PM.json",
          "updatedAt": "2023-05-26T14:46:18.520Z",
          "createdAt": "2023-05-26T14:46:18.520Z"
        },
        {
          "batchid": "1685110496.604013",
          "areaname": "Al Ain",
          "filename": "C:/Project/TrafficAPI/public/trafficData/AlAin-2023-05-26 0656-PM.json",
          "updatedAt": "2023-05-26T14:14:56.770Z",
          "createdAt": "2023-05-26T14:14:56.770Z"
        },
        {
          "batchid": "1685110266.706673",
          "areaname": "Abu-dhabi",
          "filename": "C:/Project/TrafficAPI/public/trafficData/Abu-dhabi-2023-05-26 0606-PM.json",
          "updatedAt": "2023-05-26T14:11:09.450Z",
          "createdAt": "2023-05-26T14:11:09.450Z"
        },
        {
          "batchid": "1685107728.199134",
          "areaname": "Abu-dhabi",
          "filename": "C:/Project/TrafficAPI/public/trafficData/Abu-dhabi-2023-05-26 0548-PM.json",
          "updatedAt": "2023-05-26T13:28:49.805Z",
          "createdAt": "2023-05-26T13:28:49.805Z"
        },
        {
          "batchid": "1685106169.418976",
          "areaname": "Al Ain",
          "filename": "C:/Project/TrafficAPI/public/trafficData/AlAin-2023-05-26 0549-PM.json",
          "updatedAt": "2023-05-26T13:02:49.526Z",
          "createdAt": "2023-05-26T13:02:49.525Z"
        },
        {
          "batchid": "1685087470.641142",
          "areaname": "Russian-Orthodox-Church",
          "filename": "C:/Project/TrafficAPI/public/trafficData/Russian-Orthodox-Church-2023-05-26 1110-AM.json",
          "updatedAt": "2023-05-26T07:51:10.752Z",
          "createdAt": "2023-05-26T07:51:10.751Z"
        },
        {
          "batchid": "1685086869.109596",
          "areaname": "Russian-Orthodox-Church",
          "filename": "C:/Project/TrafficAPI/public/trafficData/Russian-Orthodox-Church-2023-05-26 1109-AM.json",
          "updatedAt": "2023-05-26T07:41:09.197Z",
          "createdAt": "2023-05-26T07:41:09.196Z"
        },
        {
          "batchid": "1685086272.019671",
          "areaname": "Russian-Orthodox-Church",
          "filename": "C:/Project/TrafficAPI/public/trafficData/Russian-Orthodox-Church-2023-05-26 1112-AM.json",
          "updatedAt": "2023-05-26T07:31:12.088Z",
          "createdAt": "2023-05-26T07:31:12.088Z"
        },
        {
          "batchid": "1685085664.411606",
          "areaname": "Russian-Orthodox-Church",
          "filename": "C:/Project/TrafficAPI/public/trafficData/Russian-Orthodox-Church-2023-05-26 1104-AM.json",
          "updatedAt": "2023-05-26T07:21:04.523Z",
          "createdAt": "2023-05-26T07:21:04.523Z"
        },
        {
          "batchid": "1685085063.453358",
          "areaname": "Russian-Orthodox-Church",
          "filename": "C:/Project/TrafficAPI/public/trafficData/Russian-Orthodox-Church-2023-05-26 1103-AM.json",
          "updatedAt": "2023-05-26T07:11:03.569Z",
          "createdAt": "2023-05-26T07:11:03.569Z"
        },
        {
          "batchid": "1685084461.979528",
          "areaname": "Russian-Orthodox-Church",
          "filename": "C:/Project/TrafficAPI/public/trafficData/Russian-Orthodox-Church-2023-05-26 1101-AM.json",
          "updatedAt": "2023-05-26T07:01:02.138Z",
          "createdAt": "2023-05-26T07:01:02.138Z"
        },
        {
          "batchid": "1685083861.060878",
          "areaname": "Russian-Orthodox-Church",
          "filename": "C:/Project/TrafficAPI/public/trafficData/Russian-Orthodox-Church-2023-05-26 1001-AM.json",
          "updatedAt": "2023-05-26T06:51:01.252Z",
          "createdAt": "2023-05-26T06:51:01.252Z"
        },
        {
          "batchid": "1685083261.112108",
          "areaname": "Russian-Orthodox-Church",
          "filename": "C:/Project/TrafficAPI/public/trafficData/Russian-Orthodox-Church-2023-05-26 1001-AM.json",
          "updatedAt": "2023-05-26T06:41:01.303Z",
          "createdAt": "2023-05-26T06:41:01.303Z"
        },
        {
          "batchid": "1685082661.129895",
          "areaname": "Russian-Orthodox-Church",
          "filename": "C:/Project/TrafficAPI/public/trafficData/Russian-Orthodox-Church-2023-05-26 1001-AM.json",
          "updatedAt": "2023-05-26T06:31:01.310Z",
          "createdAt": "2023-05-26T06:31:01.310Z"
        },
        {
          "batchid": "1685082062.210518",
          "areaname": "Russian-Orthodox-Church",
          "filename": "C:/Project/TrafficAPI/public/trafficData/Russian-Orthodox-Church-2023-05-26 1002-AM.json",
          "updatedAt": "2023-05-26T06:21:02.425Z",
          "createdAt": "2023-05-26T06:21:02.425Z"
        },
        {
          "batchid": "1685081460.623271",
          "areaname": "Russian-Orthodox-Church",
          "filename": "C:/Project/TrafficAPI/public/trafficData/Russian-Orthodox-Church-2023-05-26 1000-AM.json",
          "updatedAt": "2023-05-26T06:11:00.725Z",
          "createdAt": "2023-05-26T06:11:00.725Z"
        },
        {
          "batchid": "1685080864.485566",
          "areaname": "Russian-Orthodox-Church",
          "filename": "C:/Project/TrafficAPI/public/trafficData/Russian-Orthodox-Church-2023-05-26 1004-AM.json",
          "updatedAt": "2023-05-26T06:01:04.592Z",
          "createdAt": "2023-05-26T06:01:04.592Z"
        },
        {
          "batchid": "1685019786.856681",
          "areaname": "Al Ain",
          "filename": "C:/Project/TrafficAPI/public/trafficData/AlAin-2023-05-25 0506-PM.json",
          "updatedAt": "2023-05-25T13:03:06.928Z",
          "createdAt": "2023-05-25T13:03:06.927Z"
        },
        {
          "batchid": "1685001073.153363",
          "areaname": "Russian-Orthodox-Church",
          "filename": "C:/Project/TrafficAPI/public/trafficData/Russian-Orthodox-Church-2023-05-25 1113-AM.json",
          "updatedAt": "2023-05-25T07:51:13.456Z",
          "createdAt": "2023-05-25T07:51:13.455Z"
        },
        {
          "batchid": "1685000468.814587",
          "areaname": "Russian-Orthodox-Church",
          "filename": "C:/Project/TrafficAPI/public/trafficData/Russian-Orthodox-Church-2023-05-25 1108-AM.json",
          "updatedAt": "2023-05-25T07:41:09.006Z",
          "createdAt": "2023-05-25T07:41:09.006Z"
        },
        {
          "batchid": "1684999865.403012",
          "areaname": "Russian-Orthodox-Church",
          "filename": "C:/Project/TrafficAPI/public/trafficData/Russian-Orthodox-Church-2023-05-25 1105-AM.json",
          "updatedAt": "2023-05-25T07:31:05.642Z",
          "createdAt": "2023-05-25T07:31:05.642Z"
        },
        {
          "batchid": "1684999265.541496",
          "areaname": "Russian-Orthodox-Church",
          "filename": "C:/Project/TrafficAPI/public/trafficData/Russian-Orthodox-Church-2023-05-25 1105-AM.json",
          "updatedAt": "2023-05-25T07:21:05.872Z",
          "createdAt": "2023-05-25T07:21:05.871Z"
        },
        {
          "batchid": "1684998663.863851",
          "areaname": "Russian-Orthodox-Church",
          "filename": "C:/Project/TrafficAPI/public/trafficData/Russian-Orthodox-Church-2023-05-25 1103-AM.json",
          "updatedAt": "2023-05-25T07:11:04.041Z",
          "createdAt": "2023-05-25T07:11:04.041Z"
        },
        {
          "batchid": "1684998065.066879",
          "areaname": "Russian-Orthodox-Church",
          "filename": "C:/Project/TrafficAPI/public/trafficData/Russian-Orthodox-Church-2023-05-25 1105-AM.json",
          "updatedAt": "2023-05-25T07:01:05.400Z",
          "createdAt": "2023-05-25T07:01:05.400Z"
        },
        {
          "batchid": "1684997466.382529",
          "areaname": "Russian-Orthodox-Church",
          "filename": "C:/Project/TrafficAPI/public/trafficData/Russian-Orthodox-Church-2023-05-25 1006-AM.json",
          "updatedAt": "2023-05-25T06:51:06.716Z",
          "createdAt": "2023-05-25T06:51:06.716Z"
        },
        {
          "batchid": "1684996863.967205",
          "areaname": "Russian-Orthodox-Church",
          "filename": "C:/Project/TrafficAPI/public/trafficData/Russian-Orthodox-Church-2023-05-25 1003-AM.json",
          "updatedAt": "2023-05-25T06:41:04.310Z",
          "createdAt": "2023-05-25T06:41:04.310Z"
        },
        {
          "batchid": "1684996263.800186",
          "areaname": "Russian-Orthodox-Church",
          "filename": "C:/Project/TrafficAPI/public/trafficData/Russian-Orthodox-Church-2023-05-25 1003-AM.json",
          "updatedAt": "2023-05-25T06:31:04.114Z",
          "createdAt": "2023-05-25T06:31:04.114Z"
        },
        {
          "batchid": "1684995666.284311",
          "areaname": "Russian-Orthodox-Church",
          "filename": "C:/Project/TrafficAPI/public/trafficData/Russian-Orthodox-Church-2023-05-25 1006-AM.json",
          "updatedAt": "2023-05-25T06:21:06.593Z",
          "createdAt": "2023-05-25T06:21:06.592Z"
        },
        {
          "batchid": "1684995064.298198",
          "areaname": "Russian-Orthodox-Church",
          "filename": "C:/Project/TrafficAPI/public/trafficData/Russian-Orthodox-Church-2023-05-25 1004-AM.json",
          "updatedAt": "2023-05-25T06:11:04.548Z",
          "createdAt": "2023-05-25T06:11:04.548Z"
        },
        {
          "batchid": "1684994483.643918",
          "areaname": "Russian-Orthodox-Church",
          "filename": "C:/Project/TrafficAPI/public/trafficData/Russian-Orthodox-Church-2023-05-25 1023-AM.json",
          "updatedAt": "2023-05-25T06:01:23.915Z",
          "createdAt": "2023-05-25T06:01:23.914Z"
        },
        {
          "batchid": "1684992874.893354",
          "areaname": "Abu-dhabi",
          "filename": "C:/Project/TrafficAPI/public/trafficData/Abu-dhabi-2023-05-25 0934-AM.json",
          "updatedAt": "2023-05-25T05:34:37.346Z",
          "createdAt": "2023-05-25T05:34:37.346Z"
        },
        {
          "batchid": "1684990068.66733",
          "areaname": "Al Ain",
          "filename": "C:/Project/TrafficAPI/public/trafficData/AlAin-2023-05-25 0848-AM.json",
          "updatedAt": "2023-05-25T04:47:49.009Z",
          "createdAt": "2023-05-25T04:47:49.008Z"
        },
        {
          "batchid": "1684988427.422828",
          "areaname": "Al Ain",
          "filename": "C:/Project/TrafficAPI/public/trafficData/AlAin-2023-05-25 0827-AM.json",
          "updatedAt": "2023-05-25T04:20:27.524Z",
          "createdAt": "2023-05-25T04:20:27.524Z"
        },
        {
          "batchid": "1684988272.520557",
          "areaname": "Abu-dhabi",
          "filename": "C:/Project/TrafficAPI/public/trafficData/Abu-dhabi-2023-05-25 0852-AM.json",
          "updatedAt": "2023-05-25T04:17:55.173Z",
          "createdAt": "2023-05-25T04:17:55.173Z"
        },
        {
          "batchid": "1684985961.055506",
          "areaname": "Al Ain",
          "filename": "C:/Project/TrafficAPI/public/trafficData/AlAin-2023-05-25 0721-AM.json",
          "updatedAt": "2023-05-25T03:39:21.203Z",
          "createdAt": "2023-05-25T03:39:21.203Z"
        },
        {
          "batchid": "1684985781.978418",
          "areaname": "Abu-dhabi",
          "filename": "C:/Project/TrafficAPI/public/trafficData/Abu-dhabi-2023-05-25 0721-AM.json",
          "updatedAt": "2023-05-25T03:36:23.461Z",
          "createdAt": "2023-05-25T03:36:23.461Z"
        },
        {
          "batchid": "1684983761.008961",
          "areaname": "Al Ain",
          "filename": "C:/Project/TrafficAPI/public/trafficData/AlAin-2023-05-25 0741-AM.json",
          "updatedAt": "2023-05-25T03:02:41.116Z",
          "createdAt": "2023-05-25T03:02:41.115Z"
        },
        {
          "batchid": "1684944090.320683",
          "areaname": "Abu-dhabi",
          "filename": "C:/Project/TrafficAPI/public/trafficData/Abu-dhabi-2023-05-24 0830-PM.json",
          "updatedAt": "2023-05-24T16:01:33.661Z",
          "createdAt": "2023-05-24T16:01:33.660Z"
        },
        {
          "batchid": "1684940582.482016",
          "areaname": "Al Ain",
          "filename": "C:/Project/TrafficAPI/public/trafficData/AlAin-2023-05-24 0702-PM.json",
          "updatedAt": "2023-05-24T15:03:02.559Z",
          "createdAt": "2023-05-24T15:03:02.559Z"
        },
        {
          "batchid": "1684940441.434362",
          "areaname": "Abu-dhabi",
          "filename": "C:/Project/TrafficAPI/public/trafficData/Abu-dhabi-2023-05-24 0741-PM.json",
          "updatedAt": "2023-05-24T15:00:44.821Z",
          "createdAt": "2023-05-24T15:00:44.821Z"
        },
        {
          "batchid": "1684937687.676972",
          "areaname": "Al Ain",
          "filename": "C:/Project/TrafficAPI/public/trafficData/AlAin-2023-05-24 0647-PM.json",
          "updatedAt": "2023-05-24T14:14:47.987Z",
          "createdAt": "2023-05-24T14:14:47.987Z"
        },
        {
          "batchid": "1684937471.231898",
          "areaname": "Abu-dhabi",
          "filename": "C:/Project/TrafficAPI/public/trafficData/Abu-dhabi-2023-05-24 0611-PM.json",
          "updatedAt": "2023-05-24T14:11:14.676Z",
          "createdAt": "2023-05-24T14:11:14.676Z"
        },
        {
          "batchid": "1684935613.41472",
          "areaname": "Al Ain",
          "filename": "C:/Project/TrafficAPI/public/trafficData/AlAin-2023-05-24 0513-PM.json",
          "updatedAt": "2023-05-24T13:40:13.606Z",
          "createdAt": "2023-05-24T13:40:13.606Z"
        },
        {
          "batchid": "1684935352.898398",
          "areaname": "Abu-dhabi",
          "filename": "C:/Project/TrafficAPI/public/trafficData/Abu-dhabi-2023-05-24 0552-PM.json",
          "updatedAt": "2023-05-24T13:35:56.954Z",
          "createdAt": "2023-05-24T13:35:56.954Z"
        },
        {
          "batchid": "1684933363.443582",
          "areaname": "Al Ain",
          "filename": "C:/Project/TrafficAPI/public/trafficData/AlAin-2023-05-24 0543-PM.json",
          "updatedAt": "2023-05-24T13:02:43.583Z",
          "createdAt": "2023-05-24T13:02:43.583Z"
        },
        {
          "batchid": "1684914663.544093",
          "areaname": "Russian-Orthodox-Church",
          "filename": "C:/Project/TrafficAPI/public/trafficData/Russian-Orthodox-Church-2023-05-24 1103-AM.json",
          "updatedAt": "2023-05-24T07:51:03.847Z",
          "createdAt": "2023-05-24T07:51:03.846Z"
        },
        {
          "batchid": "1684914065.402106",
          "areaname": "Russian-Orthodox-Church",
          "filename": "C:/Project/TrafficAPI/public/trafficData/Russian-Orthodox-Church-2023-05-24 1105-AM.json",
          "updatedAt": "2023-05-24T07:41:05.699Z",
          "createdAt": "2023-05-24T07:41:05.698Z"
        },
        {
          "batchid": "1684913464.585566",
          "areaname": "Russian-Orthodox-Church",
          "filename": "C:/Project/TrafficAPI/public/trafficData/Russian-Orthodox-Church-2023-05-24 1104-AM.json",
          "updatedAt": "2023-05-24T07:31:04.817Z",
          "createdAt": "2023-05-24T07:31:04.817Z"
        },
        {
          "batchid": "1684912865.884439",
          "areaname": "Russian-Orthodox-Church",
          "filename": "C:/Project/TrafficAPI/public/trafficData/Russian-Orthodox-Church-2023-05-24 1105-AM.json",
          "updatedAt": "2023-05-24T07:21:06.163Z",
          "createdAt": "2023-05-24T07:21:06.163Z"
        },
        {
          "batchid": "1684912262.699933",
          "areaname": "Russian-Orthodox-Church",
          "filename": "C:/Project/TrafficAPI/public/trafficData/Russian-Orthodox-Church-2023-05-24 1102-AM.json",
          "updatedAt": "2023-05-24T07:11:02.937Z",
          "createdAt": "2023-05-24T07:11:02.937Z"
        },
        {
          "batchid": "1684911661.039088",
          "areaname": "Russian-Orthodox-Church",
          "filename": "C:/Project/TrafficAPI/public/trafficData/Russian-Orthodox-Church-2023-05-24 1101-AM.json",
          "updatedAt": "2023-05-24T07:01:01.192Z",
          "createdAt": "2023-05-24T07:01:01.192Z"
        },
        {
          "batchid": "1684911067.679638",
          "areaname": "Russian-Orthodox-Church",
          "filename": "C:/Project/TrafficAPI/public/trafficData/Russian-Orthodox-Church-2023-05-24 1007-AM.json",
          "updatedAt": "2023-05-24T06:51:07.946Z",
          "createdAt": "2023-05-24T06:51:07.945Z"
        },
        {
          "batchid": "1684910467.016201",
          "areaname": "Russian-Orthodox-Church",
          "filename": "C:/Project/TrafficAPI/public/trafficData/Russian-Orthodox-Church-2023-05-24 1007-AM.json",
          "updatedAt": "2023-05-24T06:41:07.232Z",
          "createdAt": "2023-05-24T06:41:07.232Z"
        },
        {
          "batchid": "1684909866.088057",
          "areaname": "Russian-Orthodox-Church",
          "filename": "C:/Project/TrafficAPI/public/trafficData/Russian-Orthodox-Church-2023-05-24 1006-AM.json",
          "updatedAt": "2023-05-24T06:31:06.360Z",
          "createdAt": "2023-05-24T06:31:06.360Z"
        },
        {
          "batchid": "1684909262.29281",
          "areaname": "Russian-Orthodox-Church",
          "filename": "C:/Project/TrafficAPI/public/trafficData/Russian-Orthodox-Church-2023-05-24 1002-AM.json",
          "updatedAt": "2023-05-24T06:21:02.463Z",
          "createdAt": "2023-05-24T06:21:02.463Z"
        },
        {
          "batchid": "1684908659.862921",
          "areaname": "Russian-Orthodox-Church",
          "filename": "C:/Project/TrafficAPI/public/trafficData/Russian-Orthodox-Church-2023-05-24 1059-AM.json",
          "updatedAt": "2023-05-24T06:11:00.010Z",
          "createdAt": "2023-05-24T06:11:00.009Z"
        },
        {
          "batchid": "1684908058.899218",
          "areaname": "Russian-Orthodox-Church",
          "filename": "C:/Project/TrafficAPI/public/trafficData/Russian-Orthodox-Church-2023-05-24 1058-AM.json",
          "updatedAt": "2023-05-24T06:00:59.047Z",
          "createdAt": "2023-05-24T06:00:59.047Z"
        },
        {
          "batchid": "1684905985.930744",
          "areaname": "Abu-dhabi",
          "filename": "C:/Project/TrafficAPI/public/trafficData/Abu-dhabi-2023-05-24 0925-AM.json",
          "updatedAt": "2023-05-24T05:26:27.411Z",
          "createdAt": "2023-05-24T05:26:27.411Z"
        },
        {
          "batchid": "1684904657.624069",
          "areaname": "Al Ain",
          "filename": "C:/Project/TrafficAPI/public/trafficData/AlAin-2023-05-24 0917-AM.json",
          "updatedAt": "2023-05-24T05:04:17.798Z",
          "createdAt": "2023-05-24T05:04:17.798Z"
        },
        {
          "batchid": "1684828262.924292",
          "areaname": "Russian-Orthodox-Church",
          "filename": "C:/Project/TrafficAPI/public/trafficData/Russian-Orthodox-Church-2023-05-23 1102-AM.json",
          "updatedAt": "2023-05-23T07:51:03.152Z",
          "createdAt": "2023-05-23T07:51:03.152Z"
        },
        {
          "batchid": "1684827663.533821",
          "areaname": "Russian-Orthodox-Church",
          "filename": "C:/Project/TrafficAPI/public/trafficData/Russian-Orthodox-Church-2023-05-23 1103-AM.json",
          "updatedAt": "2023-05-23T07:41:03.886Z",
          "createdAt": "2023-05-23T07:41:03.886Z"
        },
        {
          "batchid": "1684827056.615738",
          "areaname": "Russian-Orthodox-Church",
          "filename": "C:/Project/TrafficAPI/public/trafficData/Russian-Orthodox-Church-2023-05-23 1156-AM.json",
          "updatedAt": "2023-05-23T07:30:56.767Z",
          "createdAt": "2023-05-23T07:30:56.767Z"
        },
        {
          "batchid": "1684826457.890315",
          "areaname": "Russian-Orthodox-Church",
          "filename": "C:/Project/TrafficAPI/public/trafficData/Russian-Orthodox-Church-2023-05-23 1157-AM.json",
          "updatedAt": "2023-05-23T07:20:58.167Z",
          "createdAt": "2023-05-23T07:20:58.166Z"
        },
        {
          "batchid": "1684825860.865504",
          "areaname": "Russian-Orthodox-Church",
          "filename": "C:/Project/TrafficAPI/public/trafficData/Russian-Orthodox-Church-2023-05-23 1100-AM.json",
          "updatedAt": "2023-05-23T07:11:01.031Z",
          "createdAt": "2023-05-23T07:11:01.031Z"
        },
        {
          "batchid": "1684825262.990339",
          "areaname": "Russian-Orthodox-Church",
          "filename": "C:/Project/TrafficAPI/public/trafficData/Russian-Orthodox-Church-2023-05-23 1102-AM.json",
          "updatedAt": "2023-05-23T07:01:03.133Z",
          "createdAt": "2023-05-23T07:01:03.133Z"
        },
        {
          "batchid": "1684824661.51715",
          "areaname": "Russian-Orthodox-Church",
          "filename": "C:/Project/TrafficAPI/public/trafficData/Russian-Orthodox-Church-2023-05-23 1001-AM.json",
          "updatedAt": "2023-05-23T06:51:01.743Z",
          "createdAt": "2023-05-23T06:51:01.742Z"
        },
        {
          "batchid": "1684824060.645514",
          "areaname": "Russian-Orthodox-Church",
          "filename": "C:/Project/TrafficAPI/public/trafficData/Russian-Orthodox-Church-2023-05-23 1000-AM.json",
          "updatedAt": "2023-05-23T06:41:00.840Z",
          "createdAt": "2023-05-23T06:41:00.840Z"
        },
        {
          "batchid": "1684823461.221925",
          "areaname": "Russian-Orthodox-Church",
          "filename": "C:/Project/TrafficAPI/public/trafficData/Russian-Orthodox-Church-2023-05-23 1001-AM.json",
          "updatedAt": "2023-05-23T06:31:01.478Z",
          "createdAt": "2023-05-23T06:31:01.478Z"
        },
        {
          "batchid": "1684822861.898186",
          "areaname": "Russian-Orthodox-Church",
          "filename": "C:/Project/TrafficAPI/public/trafficData/Russian-Orthodox-Church-2023-05-23 1001-AM.json",
          "updatedAt": "2023-05-23T06:21:02.124Z",
          "createdAt": "2023-05-23T06:21:02.124Z"
        },
        {
          "batchid": "1684822261.364455",
          "areaname": "Russian-Orthodox-Church",
          "filename": "C:/Project/TrafficAPI/public/trafficData/Russian-Orthodox-Church-2023-05-23 1001-AM.json",
          "updatedAt": "2023-05-23T06:11:01.608Z",
          "createdAt": "2023-05-23T06:11:01.607Z"
        },
        {
          "batchid": "1684821663.502439",
          "areaname": "Russian-Orthodox-Church",
          "filename": "C:/Project/TrafficAPI/public/trafficData/Russian-Orthodox-Church-2023-05-23 1003-AM.json",
          "updatedAt": "2023-05-23T06:01:03.654Z",
          "createdAt": "2023-05-23T06:01:03.654Z"
        },
        {
          "batchid": "1684814394.220983",
          "areaname": "Abu-dhabi",
          "filename": "C:/Project/TrafficAPI/public/trafficData/Abu-dhabi-2023-05-23 0754-AM.json",
          "updatedAt": "2023-05-23T03:59:56.113Z",
          "createdAt": "2023-05-23T03:59:56.113Z"
        },
        {
          "batchid": "1684813132.812023",
          "areaname": "Al Ain",
          "filename": "C:/Project/TrafficAPI/public/trafficData/AlAin-2023-05-23 0752-AM.json",
          "updatedAt": "2023-05-23T03:38:53.514Z",
          "createdAt": "2023-05-23T03:38:53.514Z"
        },
        {
          "batchid": "1684772967.163807",
          "areaname": "Abu-dhabi",
          "filename": "C:/Project/TrafficAPI/public/trafficData/Abu-dhabi-2023-05-22 0827-PM.json",
          "updatedAt": "2023-05-22T16:29:30.545Z",
          "createdAt": "2023-05-22T16:29:30.545Z"
        },
        {
          "batchid": "1684769872.372465",
          "areaname": "Al Ain",
          "filename": "C:/Project/TrafficAPI/public/trafficData/AlAin-2023-05-22 0752-PM.json",
          "updatedAt": "2023-05-22T15:37:52.486Z",
          "createdAt": "2023-05-22T15:37:52.486Z"
        },
        {
          "batchid": "1684769707.668949",
          "areaname": "Abu-dhabi",
          "filename": "C:/Project/TrafficAPI/public/trafficData/Abu-dhabi-2023-05-22 0707-PM.json",
          "updatedAt": "2023-05-22T15:35:10.367Z",
          "createdAt": "2023-05-22T15:35:10.367Z"
        },
        {
          "batchid": "1684767004.364434",
          "areaname": "Al Ain",
          "filename": "C:/Project/TrafficAPI/public/trafficData/AlAin-2023-05-22 0604-PM.json",
          "updatedAt": "2023-05-22T14:50:04.637Z",
          "createdAt": "2023-05-22T14:50:04.637Z"
        },
        {
          "batchid": "1684766387.749905",
          "areaname": "Abu-dhabi",
          "filename": "C:/Project/TrafficAPI/public/trafficData/Abu-dhabi-2023-05-22 0647-PM.json",
          "updatedAt": "2023-05-22T14:39:51.398Z",
          "createdAt": "2023-05-22T14:39:51.167Z"
        },
        {
          "batchid": "1684762385.577107",
          "areaname": "Al Ain",
          "filename": "C:/Project/TrafficAPI/public/trafficData/AlAin-2023-05-22 0505-PM.json",
          "updatedAt": "2023-05-22T13:33:05.707Z",
          "createdAt": "2023-05-22T13:33:05.707Z"
        },
        {
          "batchid": "1684551746.09856",
          "areaname": "Al Ain",
          "filename": "C:/Project/TrafficAPI/public/trafficData/AlAin-2023-05-20 0726-AM.json",
          "updatedAt": "2023-05-20T03:02:26.139Z",
          "createdAt": "2023-05-20T03:02:26.139Z"
        },
        {
          "batchid": "1684510317.339472",
          "areaname": "Abu-dhabi",
          "filename": "C:/Project/TrafficAPI/public/trafficData/Abu-dhabi-2023-05-19 0757-PM.json",
          "updatedAt": "2023-05-19T15:31:59.185Z",
          "createdAt": "2023-05-19T15:31:59.184Z"
        },
        {
          "batchid": "1684508380.275764",
          "areaname": "Al Ain",
          "filename": "C:/Project/TrafficAPI/public/trafficData/AlAin-2023-05-19 0640-PM.json",
          "updatedAt": "2023-05-19T14:59:40.497Z",
          "createdAt": "2023-05-19T14:59:40.496Z"
        },
        {
          "batchid": "1684508220.59412",
          "areaname": "Abu-dhabi",
          "filename": "C:/Project/TrafficAPI/public/trafficData/Abu-dhabi-2023-05-19 0600-PM.json",
          "updatedAt": "2023-05-19T14:57:02.632Z",
          "createdAt": "2023-05-19T14:57:02.632Z"
        },
        {
          "batchid": "1684505470.464807",
          "areaname": "Al Ain",
          "filename": "C:/Project/TrafficAPI/public/trafficData/AlAin-2023-05-19 0610-PM.json",
          "updatedAt": "2023-05-19T14:11:10.666Z",
          "createdAt": "2023-05-19T14:11:10.665Z"
        },
        {
          "batchid": "1684505290.821224",
          "areaname": "Abu-dhabi",
          "filename": "C:/Project/TrafficAPI/public/trafficData/Abu-dhabi-2023-05-19 0610-PM.json",
          "updatedAt": "2023-05-19T14:08:12.306Z",
          "createdAt": "2023-05-19T14:08:12.305Z"
        },
        {
          "batchid": "1684503200.460145",
          "areaname": "Al Ain",
          "filename": "C:/Project/TrafficAPI/public/trafficData/AlAin-2023-05-19 0520-PM.json",
          "updatedAt": "2023-05-19T13:33:20.591Z",
          "createdAt": "2023-05-19T13:33:20.591Z"
        },
        {
          "batchid": "1684502935.740518",
          "areaname": "Abu-dhabi",
          "filename": "C:/Project/TrafficAPI/public/trafficData/Abu-dhabi-2023-05-19 0555-PM.json",
          "updatedAt": "2023-05-19T13:28:57.412Z",
          "createdAt": "2023-05-19T13:28:57.412Z"
        },
        {
          "batchid": "1684501357.842833",
          "areaname": "Al Ain",
          "filename": "C:/Project/TrafficAPI/public/trafficData/AlAin-2023-05-19 0537-PM.json",
          "updatedAt": "2023-05-19T13:02:37.930Z",
          "createdAt": "2023-05-19T13:02:37.929Z"
        },
        {
          "batchid": "1684482663.460128",
          "areaname": "Russian-Orthodox-Church",
          "filename": "C:/Project/TrafficAPI/public/trafficData/Russian-Orthodox-Church-2023-05-19 1103-AM.json",
          "updatedAt": "2023-05-19T07:51:03.536Z",
          "createdAt": "2023-05-19T07:51:03.536Z"
        },
        {
          "batchid": "1684482066.241536",
          "areaname": "Russian-Orthodox-Church",
          "filename": "C:/Project/TrafficAPI/public/trafficData/Russian-Orthodox-Church-2023-05-19 1106-AM.json",
          "updatedAt": "2023-05-19T07:41:06.343Z",
          "createdAt": "2023-05-19T07:41:06.342Z"
        },
        {
          "batchid": "1684481469.046245",
          "areaname": "Russian-Orthodox-Church",
          "filename": "C:/Project/TrafficAPI/public/trafficData/Russian-Orthodox-Church-2023-05-19 1109-AM.json",
          "updatedAt": "2023-05-19T07:31:09.174Z",
          "createdAt": "2023-05-19T07:31:09.174Z"
        },
        {
          "batchid": "1684480871.415304",
          "areaname": "Russian-Orthodox-Church",
          "filename": "C:/Project/TrafficAPI/public/trafficData/Russian-Orthodox-Church-2023-05-19 1111-AM.json",
          "updatedAt": "2023-05-19T07:21:11.496Z",
          "createdAt": "2023-05-19T07:21:11.495Z"
        },
        {
          "batchid": "1684480281.377537",
          "areaname": "Russian-Orthodox-Church",
          "filename": "C:/Project/TrafficAPI/public/trafficData/Russian-Orthodox-Church-2023-05-19 1121-AM.json",
          "updatedAt": "2023-05-19T07:11:21.807Z",
          "createdAt": "2023-05-19T07:11:21.807Z"
        },
        {
          "batchid": "1684478772.084049",
          "areaname": "Al Ain",
          "filename": "C:/Project/TrafficAPI/public/trafficData/AlAin-2023-05-19 10-AM.json",
          "updatedAt": "2023-05-19T06:46:12.203Z",
          "createdAt": "2023-05-19T06:46:12.203Z"
        },
        {
          "batchid": "1684478646.764873",
          "areaname": "Abu-dhabi",
          "filename": "C:/Project/TrafficAPI/public/trafficData/Abu-dhabi-2023-05-19 10-AM.json",
          "updatedAt": "2023-05-19T06:44:08.133Z",
          "createdAt": "2023-05-19T06:44:08.133Z"
        },
        {
          "batchid": "1684477344.447896",
          "areaname": "Al Ain",
          "filename": "C:/Project/TrafficAPI/public/trafficData/AlAin-2023-05-19 10-AM.json",
          "updatedAt": "2023-05-19T06:22:24.502Z",
          "createdAt": "2023-05-19T06:22:24.502Z"
        },
        {
          "batchid": "1684477218.12919",
          "areaname": "Abu-dhabi",
          "filename": "C:/Project/TrafficAPI/public/trafficData/Abu-dhabi-2023-05-19 10-AM.json",
          "updatedAt": "2023-05-19T06:20:19.273Z",
          "createdAt": "2023-05-19T06:20:19.273Z"
        },
        {
          "batchid": "1684475912.849874",
          "areaname": "Al Ain",
          "filename": "C:/Project/TrafficAPI/public/trafficData/AlAin-2023-05-19 09-AM.json",
          "updatedAt": "2023-05-19T05:58:33.018Z",
          "createdAt": "2023-05-19T05:58:33.017Z"
        },
        {
          "batchid": "1684475780.940288",
          "areaname": "Abu-dhabi",
          "filename": "C:/Project/TrafficAPI/public/trafficData/Abu-dhabi-2023-05-19 09-AM.json",
          "updatedAt": "2023-05-19T05:56:22.260Z",
          "createdAt": "2023-05-19T05:56:22.259Z"
        },
        {
          "batchid": "1684420174.68654",
          "areaname": "Abu-dhabi",
          "filename": "C:/Project/TrafficAPI/public/trafficData/Abu-dhabi-2023-05-18 06-PM.json",
          "updatedAt": "2023-05-18T14:29:37.107Z",
          "createdAt": "2023-05-18T14:29:37.107Z"
        },
        {
          "batchid": "1684417167.51255",
          "areaname": "Al Ain",
          "filename": "C:/Project/TrafficAPI/public/trafficData/AlAin-2023-05-18 05-PM.json",
          "updatedAt": "2023-05-18T13:39:27.782Z",
          "createdAt": "2023-05-18T13:39:27.782Z"
        },
        {
          "batchid": "1684416965.275751",
          "areaname": "Abu-dhabi",
          "filename": "C:/Project/TrafficAPI/public/trafficData/Abu-dhabi-2023-05-18 05-PM.json",
          "updatedAt": "2023-05-18T13:36:08.129Z",
          "createdAt": "2023-05-18T13:36:08.128Z"
        },
        {
          "batchid": "1684414991.191367",
          "areaname": "Al Ain",
          "filename": "C:/Project/TrafficAPI/public/trafficData/AlAin-2023-05-18 05-PM.json",
          "updatedAt": "2023-05-18T13:03:11.328Z",
          "createdAt": "2023-05-18T13:03:11.328Z"
        },
        {
          "batchid": "1684396263.132647",
          "areaname": "Russian-Orthodox-Church",
          "filename": "C:/Project/TrafficAPI/public/trafficData/Russian-Orthodox-Church-2023-05-18 11-AM.json",
          "updatedAt": "2023-05-18T07:51:03.377Z",
          "createdAt": "2023-05-18T07:51:03.376Z"
        },
        {
          "batchid": "1684395664.327503",
          "areaname": "Russian-Orthodox-Church",
          "filename": "C:/Project/TrafficAPI/public/trafficData/Russian-Orthodox-Church-2023-05-18 11-AM.json",
          "updatedAt": "2023-05-18T07:41:04.481Z",
          "createdAt": "2023-05-18T07:41:04.481Z"
        },
        {
          "batchid": "1684394465.515077",
          "areaname": "Russian-Orthodox-Church",
          "filename": "C:/Project/TrafficAPI/public/trafficData/Russian-Orthodox-Church-2023-05-18 11-AM.json",
          "updatedAt": "2023-05-18T07:21:05.834Z",
          "createdAt": "2023-05-18T07:21:05.834Z"
        },
        {
          "batchid": "1684393868.516025",
          "areaname": "Russian-Orthodox-Church",
          "filename": "C:/Project/TrafficAPI/public/trafficData/Russian-Orthodox-Church-2023-05-18 11-AM.json",
          "updatedAt": "2023-05-18T07:11:08.709Z",
          "createdAt": "2023-05-18T07:11:08.709Z"
        },
        {
          "batchid": "1684393260.302409",
          "areaname": "Russian-Orthodox-Church",
          "filename": "C:/Project/TrafficAPI/public/trafficData/Russian-Orthodox-Church-2023-05-18 11-AM.json",
          "updatedAt": "2023-05-18T07:01:00.518Z",
          "createdAt": "2023-05-18T07:01:00.517Z"
        },
        {
          "batchid": "1684392072.466441",
          "areaname": "Russian-Orthodox-Church",
          "filename": "C:/Project/TrafficAPI/public/trafficData/Russian-Orthodox-Church-2023-05-18 10-AM.json",
          "updatedAt": "2023-05-18T06:41:12.733Z",
          "createdAt": "2023-05-18T06:41:12.733Z"
        },
        {
          "batchid": "1684391476.523881",
          "areaname": "Russian-Orthodox-Church",
          "filename": "C:/Project/TrafficAPI/public/trafficData/Russian-Orthodox-Church-2023-05-18 10-AM.json",
          "updatedAt": "2023-05-18T06:31:16.739Z",
          "createdAt": "2023-05-18T06:31:16.738Z"
        },
        {
          "batchid": "1684390864.958142",
          "areaname": "Russian-Orthodox-Church",
          "filename": "C:/Project/TrafficAPI/public/trafficData/Russian-Orthodox-Church-2023-05-18 10-AM.json",
          "updatedAt": "2023-05-18T06:21:05.146Z",
          "createdAt": "2023-05-18T06:21:05.146Z"
        },
        {
          "batchid": "1684390305.267481",
          "areaname": "Russian-Orthodox-Church",
          "filename": "C:/Project/TrafficAPI/public/trafficData/Russian-Orthodox-Church-2023-05-18 10-AM.json",
          "updatedAt": "2023-05-18T06:11:45.620Z",
          "createdAt": "2023-05-18T06:11:45.586Z"
        },
        {
          "batchid": "1684389676.645416",
          "areaname": "Russian-Orthodox-Church",
          "filename": "C:/Project/TrafficAPI/public/trafficData/Russian-Orthodox-Church-2023-05-18 10-AM.json",
          "updatedAt": "2023-05-18T06:01:16.826Z",
          "createdAt": "2023-05-18T06:01:16.825Z"
        },
        {
          "batchid": "1684384341.986716",
          "areaname": "Al Ain",
          "filename": "C:/Project/TrafficAPI/public/trafficData/AlAin-2023-05-18 08-AM.json",
          "updatedAt": "2023-05-18T04:32:22.145Z",
          "createdAt": "2023-05-18T04:32:22.144Z"
        },
        {
          "batchid": "1684382535.485647",
          "areaname": "Al Ain",
          "filename": "C:/Project/TrafficAPI/public/trafficData/AlAin-2023-05-18 08-AM.json",
          "updatedAt": "2023-05-18T04:02:15.702Z",
          "createdAt": "2023-05-18T04:02:15.702Z"
        },
        {
          "batchid": "1684380741.712594",
          "areaname": "Al Ain",
          "filename": "C:/Project/TrafficAPI/public/trafficData/AlAin-2023-05-18 07-AM.json",
          "updatedAt": "2023-05-18T03:32:21.906Z",
          "createdAt": "2023-05-18T03:32:21.906Z"
        },
        {
          "batchid": "1684378973.06453",
          "areaname": "Al Ain",
          "filename": "C:/Project/TrafficAPI/public/trafficData/AlAin-2023-05-18 07-AM.json",
          "updatedAt": "2023-05-18T03:02:53.138Z",
          "createdAt": "2023-05-18T03:02:53.137Z"
        },
        {
          "batchid": "1684340192.77181",
          "areaname": "Abu-dhabi",
          "filename": "C:/Project/TrafficAPI/public/trafficData/Abu-dhabi-2023-05-17 08-PM.json",
          "updatedAt": "2023-05-17T16:16:36.094Z",
          "createdAt": "2023-05-17T16:16:36.094Z"
        },
        {
          "batchid": "1684336649.261713",
          "areaname": "Al Ain",
          "filename": "C:/Project/TrafficAPI/public/trafficData/AlAin-2023-05-17 07-PM.json",
          "updatedAt": "2023-05-17T15:17:29.372Z",
          "createdAt": "2023-05-17T15:17:29.372Z"
        },
        {
          "batchid": "1684336442.696687",
          "areaname": "Abu-dhabi",
          "filename": "C:/Project/TrafficAPI/public/trafficData/Abu-dhabi-2023-05-17 07-PM.json",
          "updatedAt": "2023-05-17T15:14:05.824Z",
          "createdAt": "2023-05-17T15:14:05.824Z"
        },
        {
          "batchid": "1684334235.88876",
          "areaname": "Al Ain",
          "filename": "C:/Project/TrafficAPI/public/trafficData/AlAin-2023-05-17 06-PM.json",
          "updatedAt": "2023-05-17T14:37:16.145Z",
          "createdAt": "2023-05-17T14:37:16.144Z"
        },
        {
          "batchid": "1684334039.458534",
          "areaname": "Abu-dhabi",
          "filename": "C:/Project/TrafficAPI/public/trafficData/Abu-dhabi-2023-05-17 06-PM.json",
          "updatedAt": "2023-05-17T14:34:01.352Z",
          "createdAt": "2023-05-17T14:34:01.352Z"
        },
        {
          "batchid": "1684330363.272052",
          "areaname": "Al Ain",
          "filename": "C:/Project/TrafficAPI/public/trafficData/AlAin-2023-05-17 05-PM.json",
          "updatedAt": "2023-05-17T13:32:43.428Z",
          "createdAt": "2023-05-17T13:32:43.428Z"
        },
        {
          "batchid": "1684309860.466543",
          "areaname": "Russian-Orthodox-Church",
          "filename": "C:/Project/TrafficAPI/public/trafficData/Russian-Orthodox-Church-2023-05-17 11-AM.json",
          "updatedAt": "2023-05-17T07:51:00.617Z",
          "createdAt": "2023-05-17T07:51:00.617Z"
        },
        {
          "batchid": "1684309262.256777",
          "areaname": "Russian-Orthodox-Church",
          "filename": "C:/Project/TrafficAPI/public/trafficData/Russian-Orthodox-Church-2023-05-17 11-AM.json",
          "updatedAt": "2023-05-17T07:41:02.387Z",
          "createdAt": "2023-05-17T07:41:02.387Z"
        },
        {
          "batchid": "1684308663.164988",
          "areaname": "Russian-Orthodox-Church",
          "filename": "C:/Project/TrafficAPI/public/trafficData/Russian-Orthodox-Church-2023-05-17 11-AM.json",
          "updatedAt": "2023-05-17T07:31:03.308Z",
          "createdAt": "2023-05-17T07:31:03.308Z"
        },
        {
          "batchid": "1684308064.199572",
          "areaname": "Russian-Orthodox-Church",
          "filename": "C:/Project/TrafficAPI/public/trafficData/Russian-Orthodox-Church-2023-05-17 11-AM.json",
          "updatedAt": "2023-05-17T07:21:04.470Z",
          "createdAt": "2023-05-17T07:21:04.470Z"
        },
        {
          "batchid": "1684307463.601879",
          "areaname": "Russian-Orthodox-Church",
          "filename": "C:/Project/TrafficAPI/public/trafficData/Russian-Orthodox-Church-2023-05-17 11-AM.json",
          "updatedAt": "2023-05-17T07:11:03.794Z",
          "createdAt": "2023-05-17T07:11:03.794Z"
        },
        {
          "batchid": "1684306863.642865",
          "areaname": "Russian-Orthodox-Church",
          "filename": "C:/Project/TrafficAPI/public/trafficData/Russian-Orthodox-Church-2023-05-17 11-AM.json",
          "updatedAt": "2023-05-17T07:01:03.767Z",
          "createdAt": "2023-05-17T07:01:03.767Z"
        },
        {
          "batchid": "1684306264.841597",
          "areaname": "Russian-Orthodox-Church",
          "filename": "C:/Project/TrafficAPI/public/trafficData/Russian-Orthodox-Church-2023-05-17 10-AM.json",
          "updatedAt": "2023-05-17T06:51:05.102Z",
          "createdAt": "2023-05-17T06:51:05.102Z"
        },
        {
          "batchid": "1684305663.506694",
          "areaname": "Russian-Orthodox-Church",
          "filename": "C:/Project/TrafficAPI/public/trafficData/Russian-Orthodox-Church-2023-05-17 10-AM.json",
          "updatedAt": "2023-05-17T06:41:03.717Z",
          "createdAt": "2023-05-17T06:41:03.717Z"
        },
        {
          "batchid": "1684305119.26451",
          "areaname": "Russian-Orthodox-Church",
          "filename": "C:/Project/TrafficAPI/public/trafficData/Russian-Orthodox-Church-2023-05-17 10-AM.json",
          "updatedAt": "2023-05-17T06:31:59.424Z",
          "createdAt": "2023-05-17T06:31:59.424Z"
        },
        {
          "batchid": "1684305056.238261",
          "areaname": "Russian-Orthodox-Church",
          "filename": "C:/Project/TrafficAPI/public/trafficData/Russian-Orthodox-Church-2023-05-17 10-AM.json",
          "updatedAt": "2023-05-17T06:30:56.433Z",
          "createdAt": "2023-05-17T06:30:56.433Z"
        },
        {
          "batchid": "1684304993.107675",
          "areaname": "Russian-Orthodox-Church",
          "filename": "C:/Project/TrafficAPI/public/trafficData/Russian-Orthodox-Church-2023-05-17 10-AM.json",
          "updatedAt": "2023-05-17T06:29:53.386Z",
          "createdAt": "2023-05-17T06:29:53.386Z"
        },
        {
          "batchid": "1684304925.430315",
          "areaname": "Abu-dhabi",
          "filename": "C:/Project/TrafficAPI/public/trafficData/Abu-dhabi-2023-05-17 10-AM.json",
          "updatedAt": "2023-05-17T06:28:47.437Z",
          "createdAt": "2023-05-17T06:28:47.437Z"
        },
        {
          "batchid": "1684303482.279645",
          "areaname": "Al Ain",
          "filename": "C:/Project/TrafficAPI/public/trafficData/AlAin-2023-05-17 10-AM.json",
          "updatedAt": "2023-05-17T06:04:42.345Z",
          "createdAt": "2023-05-17T06:04:42.345Z"
        },
        {
          "batchid": "1684243645.555815",
          "areaname": "Abu-dhabi",
          "filename": "C:/Project/TrafficAPI/public/trafficData/Abu-dhabi-2023-05-16 05-PM.json",
          "updatedAt": "2023-05-16T13:27:27.510Z",
          "createdAt": "2023-05-16T13:27:27.510Z"
        },
        {
          "batchid": "1684242177.390603",
          "areaname": "Al Ain",
          "filename": "C:/Project/TrafficAPI/public/trafficData/AlAin-2023-05-16 05-PM.json",
          "updatedAt": "2023-05-16T13:02:57.503Z",
          "createdAt": "2023-05-16T13:02:57.503Z"
        },
        {
          "batchid": "1684223461.728052",
          "areaname": "Russian-Orthodox-Church",
          "filename": "C:/Project/TrafficAPI/public/trafficData/Russian-Orthodox-Church-2023-05-16 11-AM.json",
          "updatedAt": "2023-05-16T07:51:01.849Z",
          "createdAt": "2023-05-16T07:51:01.849Z"
        },
        {
          "batchid": "1684137057.969337",
          "areaname": "Russian-Orthodox-Church",
          "filename": "C:/Project/TrafficAPI/public/trafficData/Russian-Orthodox-Church-2023-05-15 11-AM.json",
          "updatedAt": "2023-05-15T07:50:58.228Z",
          "createdAt": "2023-05-15T07:50:58.227Z"
        },
        {
          "batchid": "1684136456.729936",
          "areaname": "Russian-Orthodox-Church",
          "filename": "C:/Project/TrafficAPI/public/trafficData/Russian-Orthodox-Church-2023-05-15 11-AM.json",
          "updatedAt": "2023-05-15T07:40:56.835Z",
          "createdAt": "2023-05-15T07:40:56.834Z"
        },
        {
          "batchid": "1684135854.982573",
          "areaname": "Russian-Orthodox-Church",
          "filename": "C:/Project/TrafficAPI/public/trafficData/Russian-Orthodox-Church-2023-05-15 11-AM.json",
          "updatedAt": "2023-05-15T07:30:55.140Z",
          "createdAt": "2023-05-15T07:30:55.140Z"
        },
        {
          "batchid": "1684135256.023325",
          "areaname": "Russian-Orthodox-Church",
          "filename": "C:/Project/TrafficAPI/public/trafficData/Russian-Orthodox-Church-2023-05-15 11-AM.json",
          "updatedAt": "2023-05-15T07:20:56.209Z",
          "createdAt": "2023-05-15T07:20:56.209Z"
        },
        {
          "batchid": "1684134655.45855",
          "areaname": "Russian-Orthodox-Church",
          "filename": "C:/Project/TrafficAPI/public/trafficData/Russian-Orthodox-Church-2023-05-15 11-AM.json",
          "updatedAt": "2023-05-15T07:10:55.571Z",
          "createdAt": "2023-05-15T07:10:55.571Z"
        },
        {
          "batchid": "1684134055.268153",
          "areaname": "Russian-Orthodox-Church",
          "filename": "C:/Project/TrafficAPI/public/trafficData/Russian-Orthodox-Church-2023-05-15 11-AM.json",
          "updatedAt": "2023-05-15T07:00:55.432Z",
          "createdAt": "2023-05-15T07:00:55.431Z"
        },
        {
          "batchid": "1684133456.133382",
          "areaname": "Russian-Orthodox-Church",
          "filename": "C:/Project/TrafficAPI/public/trafficData/Russian-Orthodox-Church-2023-05-15 10-AM.json",
          "updatedAt": "2023-05-15T06:50:56.336Z",
          "createdAt": "2023-05-15T06:50:56.335Z"
        },
        {
          "batchid": "1684132857.045788",
          "areaname": "Russian-Orthodox-Church",
          "filename": "C:/Project/TrafficAPI/public/trafficData/Russian-Orthodox-Church-2023-05-15 10-AM.json",
          "updatedAt": "2023-05-15T06:40:57.184Z",
          "createdAt": "2023-05-15T06:40:57.184Z"
        },
        {
          "batchid": "1684132255.117094",
          "areaname": "Russian-Orthodox-Church",
          "filename": "C:/Project/TrafficAPI/public/trafficData/Russian-Orthodox-Church-2023-05-15 10-AM.json",
          "updatedAt": "2023-05-15T06:30:55.270Z",
          "createdAt": "2023-05-15T06:30:55.270Z"
        },
        {
          "batchid": "1684131655.913811",
          "areaname": "Russian-Orthodox-Church",
          "filename": "C:/Project/TrafficAPI/public/trafficData/Russian-Orthodox-Church-2023-05-15 10-AM.json",
          "updatedAt": "2023-05-15T06:20:56.160Z",
          "createdAt": "2023-05-15T06:20:56.159Z"
        },
        {
          "batchid": "1684131056.352986",
          "areaname": "Russian-Orthodox-Church",
          "filename": "C:/Project/TrafficAPI/public/trafficData/Russian-Orthodox-Church-2023-05-15 10-AM.json",
          "updatedAt": "2023-05-15T06:10:56.647Z",
          "createdAt": "2023-05-15T06:10:56.646Z"
        },
        {
          "batchid": "1684130477.968338",
          "areaname": "Russian-Orthodox-Church",
          "filename": "C:/Project/TrafficAPI/public/trafficData/Russian-Orthodox-Church-2023-05-15 10-AM.json",
          "updatedAt": "2023-05-15T06:01:18.081Z",
          "createdAt": "2023-05-15T06:01:18.081Z"
        },
        {
          "batchid": "1684128125.77754",
          "areaname": "Abu-dhabi",
          "filename": "C:/Project/TrafficAPI/public/trafficData/Abu-dhabi-2023-05-15 09-AM.json",
          "updatedAt": "2023-05-15T05:22:07.616Z",
          "createdAt": "2023-05-15T05:22:07.616Z"
        },
        {
          "batchid": "1684126536.487259",
          "areaname": "Al Ain",
          "filename": "C:/Project/TrafficAPI/public/trafficData/AlAin-2023-05-15 08-AM.json",
          "updatedAt": "2023-05-15T04:55:36.719Z",
          "createdAt": "2023-05-15T04:55:36.719Z"
        },
        {
          "batchid": "1684126369.567215",
          "areaname": "Abu-dhabi",
          "filename": "C:/Project/TrafficAPI/public/trafficData/Abu-dhabi-2023-05-15 08-AM.json",
          "updatedAt": "2023-05-15T04:52:52.735Z",
          "createdAt": "2023-05-15T04:52:52.735Z"
        },
        {
          "batchid": "1684124659.567239",
          "areaname": "Al Ain",
          "filename": "C:/Project/TrafficAPI/public/trafficData/AlAin-2023-05-15 08-AM.json",
          "updatedAt": "2023-05-15T04:24:19.750Z",
          "createdAt": "2023-05-15T04:24:19.749Z"
        },
        {
          "batchid": "1684124465.738049",
          "areaname": "Abu-dhabi",
          "filename": "C:/Project/TrafficAPI/public/trafficData/Abu-dhabi-2023-05-15 08-AM.json",
          "updatedAt": "2023-05-15T04:21:08.825Z",
          "createdAt": "2023-05-15T04:21:08.824Z"
        },
        {
          "batchid": "1684121810.85622",
          "areaname": "Al Ain",
          "filename": "C:/Project/TrafficAPI/public/trafficData/AlAin-2023-05-15 07-AM.json",
          "updatedAt": "2023-05-15T03:36:51.069Z",
          "createdAt": "2023-05-15T03:36:51.069Z"
        },
        {
          "batchid": "1684121648.905082",
          "areaname": "Abu-dhabi",
          "filename": "C:/Project/TrafficAPI/public/trafficData/Abu-dhabi-2023-05-15 07-AM.json",
          "updatedAt": "2023-05-15T03:34:10.607Z",
          "createdAt": "2023-05-15T03:34:10.607Z"
        },
        {
          "batchid": "1684119765.945291",
          "areaname": "Al Ain",
          "filename": "C:/Project/TrafficAPI/public/trafficData/AlAin-2023-05-15 07-AM.json",
          "updatedAt": "2023-05-15T03:02:46.031Z",
          "createdAt": "2023-05-15T03:02:46.031Z"
        },
        {
          "batchid": "1684078220.913905",
          "areaname": "Abu-dhabi",
          "filename": "C:/Project/TrafficAPI/public/trafficData/Abu-dhabi-2023-05-14 07-PM.json",
          "updatedAt": "2023-05-14T15:30:23.578Z",
          "createdAt": "2023-05-14T15:30:23.578Z"
        },
        {
          "batchid": "1684076492.403783",
          "areaname": "Al Ain",
          "filename": "C:/Project/TrafficAPI/public/trafficData/AlAin-2023-05-14 07-PM.json",
          "updatedAt": "2023-05-14T15:01:32.511Z",
          "createdAt": "2023-05-14T15:01:32.511Z"
        },
        {
          "batchid": "1684076340.593295",
          "areaname": "Abu-dhabi",
          "filename": "C:/Project/TrafficAPI/public/trafficData/Abu-dhabi-2023-05-14 06-PM.json",
          "updatedAt": "2023-05-14T14:59:02.665Z",
          "createdAt": "2023-05-14T14:59:02.665Z"
        },
        {
          "batchid": "1684073883.649366",
          "areaname": "Al Ain",
          "filename": "C:/Project/TrafficAPI/public/trafficData/AlAin-2023-05-14 06-PM.json",
          "updatedAt": "2023-05-14T14:18:03.849Z",
          "createdAt": "2023-05-14T14:18:03.849Z"
        },
        {
          "batchid": "1684073728.35639",
          "areaname": "Abu-dhabi",
          "filename": "C:/Project/TrafficAPI/public/trafficData/Abu-dhabi-2023-05-14 06-PM.json",
          "updatedAt": "2023-05-14T14:15:30.191Z",
          "createdAt": "2023-05-14T14:15:30.191Z"
        },
        {
          "batchid": "1684071138.999701",
          "areaname": "Al Ain",
          "filename": "C:/Project/TrafficAPI/public/trafficData/AlAin-2023-05-14 05-PM.json",
          "updatedAt": "2023-05-14T13:32:19.081Z",
          "createdAt": "2023-05-14T13:32:19.081Z"
        },
        {
          "batchid": "1684050655.104018",
          "areaname": "Russian-Orthodox-Church",
          "filename": "C:/Project/TrafficAPI/public/trafficData/Russian-Orthodox-Church-2023-05-14 11-AM.json",
          "updatedAt": "2023-05-14T07:50:55.377Z",
          "createdAt": "2023-05-14T07:50:55.377Z"
        },
        {
          "batchid": "1684050055.800029",
          "areaname": "Russian-Orthodox-Church",
          "filename": "C:/Project/TrafficAPI/public/trafficData/Russian-Orthodox-Church-2023-05-14 11-AM.json",
          "updatedAt": "2023-05-14T07:40:55.928Z",
          "createdAt": "2023-05-14T07:40:55.927Z"
        },
        {
          "batchid": "1684049453.697968",
          "areaname": "Russian-Orthodox-Church",
          "filename": "C:/Project/TrafficAPI/public/trafficData/Russian-Orthodox-Church-2023-05-14 11-AM.json",
          "updatedAt": "2023-05-14T07:30:53.850Z",
          "createdAt": "2023-05-14T07:30:53.850Z"
        },
        {
          "batchid": "1684048854.40146",
          "areaname": "Russian-Orthodox-Church",
          "filename": "C:/Project/TrafficAPI/public/trafficData/Russian-Orthodox-Church-2023-05-14 11-AM.json",
          "updatedAt": "2023-05-14T07:20:54.525Z",
          "createdAt": "2023-05-14T07:20:54.525Z"
        },
        {
          "batchid": "1684048251.99119",
          "areaname": "Russian-Orthodox-Church",
          "filename": "C:/Project/TrafficAPI/public/trafficData/Russian-Orthodox-Church-2023-05-14 11-AM.json",
          "updatedAt": "2023-05-14T07:10:52.140Z",
          "createdAt": "2023-05-14T07:10:52.140Z"
        },
        {
          "batchid": "1684047653.145868",
          "areaname": "Russian-Orthodox-Church",
          "filename": "C:/Project/TrafficAPI/public/trafficData/Russian-Orthodox-Church-2023-05-14 11-AM.json",
          "updatedAt": "2023-05-14T07:00:53.265Z",
          "createdAt": "2023-05-14T07:00:53.265Z"
        },
        {
          "batchid": "1684047052.960259",
          "areaname": "Russian-Orthodox-Church",
          "filename": "C:/Project/TrafficAPI/public/trafficData/Russian-Orthodox-Church-2023-05-14 10-AM.json",
          "updatedAt": "2023-05-14T06:50:53.067Z",
          "createdAt": "2023-05-14T06:50:53.067Z"
        },
        {
          "batchid": "1684046453.700669",
          "areaname": "Russian-Orthodox-Church",
          "filename": "C:/Project/TrafficAPI/public/trafficData/Russian-Orthodox-Church-2023-05-14 10-AM.json",
          "updatedAt": "2023-05-14T06:40:53.798Z",
          "createdAt": "2023-05-14T06:40:53.797Z"
        },
        {
          "batchid": "1684045851.917527",
          "areaname": "Russian-Orthodox-Church",
          "filename": "C:/Project/TrafficAPI/public/trafficData/Russian-Orthodox-Church-2023-05-14 10-AM.json",
          "updatedAt": "2023-05-14T06:30:52.020Z",
          "createdAt": "2023-05-14T06:30:52.019Z"
        },
        {
          "batchid": "1684045251.770227",
          "areaname": "Russian-Orthodox-Church",
          "filename": "C:/Project/TrafficAPI/public/trafficData/Russian-Orthodox-Church-2023-05-14 10-AM.json",
          "updatedAt": "2023-05-14T06:20:51.869Z",
          "createdAt": "2023-05-14T06:20:51.869Z"
        },
        {
          "batchid": "1684044652.384581",
          "areaname": "Russian-Orthodox-Church",
          "filename": "C:/Project/TrafficAPI/public/trafficData/Russian-Orthodox-Church-2023-05-14 10-AM.json",
          "updatedAt": "2023-05-14T06:10:52.463Z",
          "createdAt": "2023-05-14T06:10:52.463Z"
        },
        {
          "batchid": "1684044051.803763",
          "areaname": "Russian-Orthodox-Church",
          "filename": "C:/Project/TrafficAPI/public/trafficData/Russian-Orthodox-Church-2023-05-14 10-AM.json",
          "updatedAt": "2023-05-14T06:00:51.928Z",
          "createdAt": "2023-05-14T06:00:51.927Z"
        },
        {
          "batchid": "1684039728.735328",
          "areaname": "Abu-dhabi",
          "filename": "C:/Project/TrafficAPI/public/trafficData/Abu-dhabi-2023-05-14 08-AM.json",
          "updatedAt": "2023-05-14T04:48:49.344Z",
          "createdAt": "2023-05-14T04:48:49.343Z"
        },
        {
          "batchid": "1684038705.612264",
          "areaname": "Al Ain",
          "filename": "C:/Project/TrafficAPI/public/trafficData/AlAin-2023-05-14 08-AM.json",
          "updatedAt": "2023-05-14T04:31:45.666Z",
          "createdAt": "2023-05-14T04:31:45.666Z"
        },
        {
          "batchid": "1684037998.120908",
          "areaname": "Abu-dhabi",
          "filename": "C:/Project/TrafficAPI/public/trafficData/Abu-dhabi-2023-05-14 08-AM.json",
          "updatedAt": "2023-05-14T04:19:58.665Z",
          "createdAt": "2023-05-14T04:19:58.664Z"
        },
        {
          "batchid": "1684036950.473186",
          "areaname": "Al Ain",
          "filename": "C:/Project/TrafficAPI/public/trafficData/AlAin-2023-05-14 08-AM.json",
          "updatedAt": "2023-05-14T04:02:30.589Z",
          "createdAt": "2023-05-14T04:02:30.589Z"
        },
        {
          "batchid": "1683903847.472493",
          "areaname": "Abu-dhabi",
          "filename": "C:/Project/TrafficAPI/public/trafficData/Abu-dhabi-2023-05-12 07-PM.json",
          "updatedAt": "2023-05-12T15:04:10.029Z",
          "createdAt": "2023-05-12T15:04:10.029Z"
        },
        {
          "batchid": "1683902340.906885",
          "areaname": "Al Ain",
          "filename": "C:/Project/TrafficAPI/public/trafficData/AlAin-2023-05-12 06-PM.json",
          "updatedAt": "2023-05-12T14:39:01.265Z",
          "createdAt": "2023-05-12T14:39:01.265Z"
        },
        {
          "batchid": "1683902158.832686",
          "areaname": "Abu-dhabi",
          "filename": "C:/Project/TrafficAPI/public/trafficData/Abu-dhabi-2023-05-12 06-PM.json",
          "updatedAt": "2023-05-12T14:36:01.916Z",
          "createdAt": "2023-05-12T14:36:01.916Z"
        },
        {
          "batchid": "1683900235.835442",
          "areaname": "Al Ain",
          "filename": "C:/Project/TrafficAPI/public/trafficData/AlAin-2023-05-12 06-PM.json",
          "updatedAt": "2023-05-12T14:03:55.993Z",
          "createdAt": "2023-05-12T14:03:55.992Z"
        },
        {
          "batchid": "1683900058.556984",
          "areaname": "Abu-dhabi",
          "filename": "C:/Project/TrafficAPI/public/trafficData/Abu-dhabi-2023-05-12 06-PM.json",
          "updatedAt": "2023-05-12T14:01:01.384Z",
          "createdAt": "2023-05-12T14:01:01.384Z"
        },
        {
          "batchid": "1683898346.830271",
          "areaname": "Al Ain",
          "filename": "C:/Project/TrafficAPI/public/trafficData/AlAin-2023-05-12 05-PM.json",
          "updatedAt": "2023-05-12T13:32:26.898Z",
          "createdAt": "2023-05-12T13:32:26.898Z"
        },
        {
          "batchid": "1683877871.665314",
          "areaname": "Russian-Orthodox-Church",
          "filename": "C:/Project/TrafficAPI/public/trafficData/Russian-Orthodox-Church-2023-05-12 11-AM.json",
          "updatedAt": "2023-05-12T07:51:11.752Z",
          "createdAt": "2023-05-12T07:51:11.751Z"
        },
        {
          "batchid": "1683877268.165519",
          "areaname": "Russian-Orthodox-Church",
          "filename": "C:/Project/TrafficAPI/public/trafficData/Russian-Orthodox-Church-2023-05-12 11-AM.json",
          "updatedAt": "2023-05-12T07:41:08.331Z",
          "createdAt": "2023-05-12T07:41:08.331Z"
        },
        {
          "batchid": "1683876669.180807",
          "areaname": "Russian-Orthodox-Church",
          "filename": "C:/Project/TrafficAPI/public/trafficData/Russian-Orthodox-Church-2023-05-12 11-AM.json",
          "updatedAt": "2023-05-12T07:31:09.360Z",
          "createdAt": "2023-05-12T07:31:09.360Z"
        },
        {
          "batchid": "1683876067.510578",
          "areaname": "Russian-Orthodox-Church",
          "filename": "C:/Project/TrafficAPI/public/trafficData/Russian-Orthodox-Church-2023-05-12 11-AM.json",
          "updatedAt": "2023-05-12T07:21:07.689Z",
          "createdAt": "2023-05-12T07:21:07.689Z"
        },
        {
          "batchid": "1683875470.391959",
          "areaname": "Russian-Orthodox-Church",
          "filename": "C:/Project/TrafficAPI/public/trafficData/Russian-Orthodox-Church-2023-05-12 11-AM.json",
          "updatedAt": "2023-05-12T07:11:10.459Z",
          "createdAt": "2023-05-12T07:11:10.458Z"
        },
        {
          "batchid": "1683874870.689643",
          "areaname": "Russian-Orthodox-Church",
          "filename": "C:/Project/TrafficAPI/public/trafficData/Russian-Orthodox-Church-2023-05-12 11-AM.json",
          "updatedAt": "2023-05-12T07:01:10.779Z",
          "createdAt": "2023-05-12T07:01:10.779Z"
        },
        {
          "batchid": "1683874269.051393",
          "areaname": "Russian-Orthodox-Church",
          "filename": "C:/Project/TrafficAPI/public/trafficData/Russian-Orthodox-Church-2023-05-12 10-AM.json",
          "updatedAt": "2023-05-12T06:51:09.209Z",
          "createdAt": "2023-05-12T06:51:09.209Z"
        },
        {
          "batchid": "1683873666.44983",
          "areaname": "Russian-Orthodox-Church",
          "filename": "C:/Project/TrafficAPI/public/trafficData/Russian-Orthodox-Church-2023-05-12 10-AM.json",
          "updatedAt": "2023-05-12T06:41:06.533Z",
          "createdAt": "2023-05-12T06:41:06.533Z"
        },
        {
          "batchid": "1683873066.33117",
          "areaname": "Russian-Orthodox-Church",
          "filename": "C:/Project/TrafficAPI/public/trafficData/Russian-Orthodox-Church-2023-05-12 10-AM.json",
          "updatedAt": "2023-05-12T06:31:06.423Z",
          "createdAt": "2023-05-12T06:31:06.422Z"
        },
        {
          "batchid": "1683872465.096673",
          "areaname": "Russian-Orthodox-Church",
          "filename": "C:/Project/TrafficAPI/public/trafficData/Russian-Orthodox-Church-2023-05-12 10-AM.json",
          "updatedAt": "2023-05-12T06:21:05.266Z",
          "createdAt": "2023-05-12T06:21:05.265Z"
        },
        {
          "batchid": "1683871868.350362",
          "areaname": "Russian-Orthodox-Church",
          "filename": "C:/Project/TrafficAPI/public/trafficData/Russian-Orthodox-Church-2023-05-12 10-AM.json",
          "updatedAt": "2023-05-12T06:11:08.553Z",
          "createdAt": "2023-05-12T06:11:08.553Z"
        },
        {
          "batchid": "1683871271.213033",
          "areaname": "Russian-Orthodox-Church",
          "filename": "C:/Project/TrafficAPI/public/trafficData/Russian-Orthodox-Church-2023-05-12 10-AM.json",
          "updatedAt": "2023-05-12T06:01:11.382Z",
          "createdAt": "2023-05-12T06:01:11.382Z"
        },
        {
          "batchid": "1683790943.135078",
          "areaname": "Russian-Orthodox-Church",
          "filename": "C:/Project/TrafficAPI/public/trafficData/Russian-Orthodox-Church-2023-05-11 11-AM.json",
          "updatedAt": "2023-05-11T07:42:23.336Z",
          "createdAt": "2023-05-11T07:42:23.336Z"
        },
        {
          "batchid": "1683783348.383289",
          "areaname": "Russian-Orthodox-Church",
          "filename": "C:/Project/TrafficAPI/public/trafficData/Russian-Orthodox-Church-2023-05-11 09-AM.json",
          "updatedAt": "2023-05-11T05:35:48.606Z",
          "createdAt": "2023-05-11T05:35:48.606Z"
        },
        {
          "batchid": null,
          "areaname": "Abu dhabi",
          "filename": "http://10.10.154.22:4000/public/trafficData/adtraffic_abudhabi_2023_05_02_11_12AM.json",
          "updatedAt": "2023-05-11T05:23:35.470Z",
          "createdAt": "2023-05-11T05:23:35.470Z"
        },
        {
          "batchid": null,
          "areaname": "Abu dhabi",
          "filename": "http://10.10.154.22:4000/public/trafficData/adtraffic_abudhabi_2023_05_02_10_11PM.json",
          "updatedAt": "2023-05-11T05:23:25.748Z",
          "createdAt": "2023-05-11T05:23:25.748Z"
        },
        {
          "batchid": null,
          "areaname": "Abu dhabi",
          "filename": "http://10.10.154.22:4000/public/trafficData/adtraffic_abudhabi_2023_05_02_09_10PM.json",
          "updatedAt": "2023-05-11T05:23:16.490Z",
          "createdAt": "2023-05-11T05:23:16.490Z"
        },
        {
          "batchid": null,
          "areaname": "Abu dhabi",
          "filename": "http://10.10.154.22:4000/public/trafficData/adtraffic_abudhabi_2023_05_02_08_09PM.json",
          "updatedAt": "2023-05-11T05:23:07.906Z",
          "createdAt": "2023-05-11T05:23:07.906Z"
        },
        {
          "batchid": null,
          "areaname": "Abu dhabi",
          "filename": "http://10.10.154.22:4000/public/trafficData/adtraffic_abudhabi_2023_05_02_07_08PM.json",
          "updatedAt": "2023-05-11T05:22:57.884Z",
          "createdAt": "2023-05-11T05:22:57.884Z"
        },
        {
          "batchid": null,
          "areaname": "Abu dhabi",
          "filename": "http://10.10.154.22:4000/public/trafficData/adtraffic_abudhabi_2023_05_02_06_07PM.json",
          "updatedAt": "2023-05-11T05:22:49.542Z",
          "createdAt": "2023-05-11T05:22:49.542Z"
        },
        {
          "batchid": null,
          "areaname": "Abu dhabi",
          "filename": "http://10.10.154.22:4000/public/trafficData/adtraffic_abudhabi_2023_05_02_03_04PM.json",
          "updatedAt": "2023-05-11T05:22:25.110Z",
          "createdAt": "2023-05-11T05:22:25.110Z"
        },
        {
          "batchid": null,
          "areaname": "Abu dhabi",
          "filename": "http://10.10.154.22:4000/public/trafficData/adtraffic_abudhabi_2023_05_02_02_03PM.json",
          "updatedAt": "2023-05-11T05:22:15.842Z",
          "createdAt": "2023-05-11T05:22:15.842Z"
        },
        {
          "batchid": "1683704986.118929",
          "areaname": "Russian-Orthodox-Church",
          "filename": "C:/Project/TrafficAPI/public/trafficData/Russian-Orthodox-Church-2023-05-10 11-AM.json",
          "updatedAt": "2023-05-10T07:49:46.334Z",
          "createdAt": "2023-05-10T07:49:46.334Z"
        }
      ]
    }
  }